PLAYER_ID,RANK,PLAYER,TEAM,GP,MIN,FGM,FGA,FG_PCT,FG3M,FG3A,FG3_PCT,FTM,FTA,FT_PCT,OREB,DREB,REB,AST,STL,BLK,TOV,PF,PTS,EFF,AST_TOV,STL_TOV
201939,1,Stephen Curry,GSW,63,2152,658,1365,0.482,337,801,0.421,362,395,0.916,29,316,345,363,77,8,213,119,2015,1855,1.7,0.36
203081,2,Damian Lillard,POR,67,2398,602,1334,0.451,275,704,0.391,449,484,0.928,32,251,283,505,62,17,203,102,1928,1825,2.49,0.31
203999,3,Nikola Jokic,DEN,72,2488,732,1293,0.566,92,237,0.388,342,394,0.868,205,575,780,599,95,48,222,192,1898,2585,2.7,0.43
203078,4,Bradley Beal,WAS,60,2147,670,1382,0.485,130,373,0.349,408,459,0.889,72,211,283,265,69,22,187,140,1878,1567,1.42,0.37
1629029,5,Luka Doncic,DAL,66,2262,647,1351,0.479,192,548,0.35,344,471,0.73,54,473,527,567,64,36,281,152,1830,1912,2.02,0.23
203507,6,Giannis Antetokounmpo,MIL,61,2013,626,1100,0.569,67,221,0.303,398,581,0.685,97,574,671,357,72,73,207,168,1717,2026,1.73,0.35
1626164,7,Devin Booker,PHX,67,2270,623,1287,0.484,126,371,0.34,340,392,0.867,34,247,281,289,53,16,207,181,1712,1428,1.4,0.26
203944,7,Julius Randle,NYK,71,2667,602,1321,0.456,160,389,0.411,348,429,0.811,84,640,724,427,64,18,241,225,1712,1904,1.77,0.27
1628369,9,Jayson Tatum,BOS,64,2290,605,1318,0.459,187,485,0.386,295,340,0.868,50,422,472,276,75,31,171,122,1692,1617,1.61,0.44
1629627,10,Zion Williamson,NOP,61,2026,634,1037,0.611,10,34,0.294,369,529,0.698,167,274,441,226,57,39,167,135,1647,1680,1.35,0.34
202696,11,Nikola Vucevic,CHI,70,2348,666,1396,0.477,176,440,0.4,131,156,0.84,146,671,817,269,65,48,126,137,1639,1957,2.14,0.52
1629027,12,Trae Young,ATL,63,2125,487,1112,0.438,136,397,0.343,484,546,0.886,38,207,245,594,53,12,261,111,1594,1550,2.28,0.2
203897,13,Zach LaVine,CHI,58,2034,569,1123,0.507,200,477,0.419,253,298,0.849,36,253,289,282,46,27,203,138,1591,1433,1.39,0.23
1628368,14,De'Aaron Fox,SAC,58,2036,529,1110,0.477,103,320,0.322,300,417,0.719,33,170,203,417,87,27,174,170,1461,1323,2.4,0.5
1629012,15,Collin Sexton,CLE,60,2115,525,1105,0.475,98,264,0.371,312,383,0.815,58,129,187,262,62,10,167,157,1460,1163,1.57,0.37
203954,16,Joel Embiid,PHI,51,1585,461,899,0.513,58,154,0.377,471,548,0.859,113,426,539,145,50,69,159,123,1451,1580,0.91,0.31
202681,16,Kyrie Irving,BKN,54,1886,549,1086,0.506,152,378,0.402,201,218,0.922,52,205,257,324,76,37,130,140,1451,1461,2.49,0.59
1627742,18,Brandon Ingram,NOP,61,2092,513,1101,0.466,143,375,0.381,281,320,0.878,34,265,299,296,42,36,154,124,1450,1342,1.92,0.27
201566,19,Russell Westbrook,WAS,65,2369,544,1238,0.439,86,273,0.315,271,413,0.656,109,641,750,763,89,23,312,190,1445,1922,2.45,0.29
1627759,20,Jaylen Brown,BOS,58,1999,538,1111,0.484,163,411,0.397,191,250,0.764,71,276,347,195,72,32,158,168,1430,1286,1.23,0.46
1626179,21,Terry Rozier,CHA,69,2383,510,1134,0.45,222,571,0.389,165,202,0.817,47,255,302,293,87,26,128,119,1407,1326,2.29,0.68
1628378,22,Donovan Mitchell,UTA,53,1771,478,1091,0.438,178,461,0.386,267,316,0.845,50,185,235,277,52,15,147,117,1401,1171,1.88,0.35
1630162,23,Anthony Edwards,MIN,72,2314,505,1211,0.417,171,520,0.329,211,272,0.776,59,277,336,211,82,36,160,129,1392,1130,1.32,0.51
203114,24,Khris Middleton,MIL,68,2269,511,1074,0.476,151,365,0.414,212,236,0.898,54,352,406,370,74,9,178,160,1385,1479,2.08,0.42
203952,25,Andrew Wiggins,GSW,71,2364,505,1058,0.477,140,368,0.38,170,238,0.714,82,265,347,167,67,70,126,159,1320,1224,1.33,0.53
201942,26,DeMar DeRozan,SAS,61,2056,455,920,0.495,19,74,0.257,387,440,0.88,40,219,259,422,56,15,119,128,1316,1431,3.55,0.47
202695,27,Kawhi Leonard,LAC,52,1772,465,908,0.512,101,254,0.398,261,295,0.885,55,282,337,269,81,21,105,82,1292,1418,2.56,0.77
1626181,28,Norman Powell,POR,69,2206,438,918,0.477,171,416,0.411,236,271,0.871,42,173,215,129,82,18,119,160,1283,1093,1.08,0.69
1629628,29,RJ Barrett,NYK,72,2511,467,1060,0.441,124,309,0.401,206,276,0.746,68,346,414,217,53,20,139,188,1264,1166,1.56,0.38
1627734,30,Domantas Sabonis,IND,62,2231,484,904,0.535,52,162,0.321,240,328,0.732,150,592,742,415,76,33,213,203,1260,1805,1.95,0.36
202331,31,Paul George,LAC,54,1821,445,953,0.467,171,416,0.411,198,228,0.868,45,314,359,280,62,24,179,132,1259,1267,1.56,0.35
203903,32,Jordan Clarkson,UTA,68,1818,457,1075,0.425,208,599,0.347,129,144,0.896,47,227,274,168,61,10,115,110,1251,1016,1.46,0.53
1626157,33,Karl-Anthony Towns,MIN,50,1689,425,875,0.486,122,315,0.387,267,311,0.859,133,396,529,225,39,57,160,186,1239,1435,1.41,0.24
202711,34,Bojan Bogdanovic,UTA,72,2216,406,925,0.439,180,461,0.39,233,265,0.879,40,241,281,136,45,4,128,115,1225,1012,1.06,0.35
202699,35,Tobias Harris,PHI,62,2014,473,924,0.512,82,208,0.394,182,204,0.892,62,357,419,220,55,51,107,119,1210,1375,2.06,0.51
203924,36,Jerami Grant,DET,54,1829,400,932,0.429,115,329,0.35,290,343,0.845,35,215,250,152,35,58,109,125,1205,1006,1.39,0.32
1629630,37,Ja Morant,MEM,63,2053,430,957,0.449,73,241,0.303,271,372,0.728,59,193,252,465,57,13,203,87,1204,1160,2.29,0.28
1628389,38,Bam Adebayo,MIA,64,2143,456,800,0.57,2,8,0.25,283,354,0.799,142,431,573,346,75,66,169,145,1197,1673,2.05,0.44
1627783,39,Pascal Siakam,TOR,56,2006,437,961,0.455,73,246,0.297,249,301,0.827,95,310,405,250,64,37,130,174,1196,1246,1.92,0.49
1627763,40,Malcolm Brogdon,IND,56,1930,444,980,0.453,145,374,0.388,153,177,0.864,58,236,294,329,49,15,115,110,1186,1198,2.86,0.43
1627741,41,Buddy Hield,SAC,71,2433,403,992,0.406,282,721,0.391,88,104,0.846,29,305,334,257,63,30,130,175,1176,1125,1.98,0.49
203501,42,Tim Hardaway Jr.,DAL,70,1985,407,911,0.447,207,529,0.391,142,174,0.816,20,209,229,126,31,11,64,111,1163,960,1.97,0.48
1629008,43,Michael Porter Jr.,DEN,61,1912,443,817,0.542,170,382,0.445,106,134,0.791,91,354,445,70,40,54,77,126,1162,1292,0.91,0.52
1628415,44,Dillon Brooks,MEM,67,1997,432,1031,0.419,128,372,0.344,159,195,0.815,53,143,196,157,78,26,119,237,1151,854,1.32,0.66
101108,45,Chris Paul,PHX,70,2200,439,879,0.499,102,258,0.395,169,181,0.934,25,287,312,622,99,19,156,166,1149,1593,3.99,0.64
2544,46,LeBron James,LAL,45,1504,422,823,0.513,104,285,0.365,178,255,0.698,29,317,346,350,48,25,168,70,1126,1249,2.08,0.29
202710,47,Jimmy Butler,MIA,52,1745,366,736,0.497,25,102,0.245,359,416,0.863,94,265,359,369,108,18,109,71,1116,1434,3.39,0.99
1628381,48,John Collins,ATL,63,1848,429,771,0.556,83,208,0.399,170,204,0.833,118,349,467,78,34,63,84,193,1111,1293,0.93,0.41
203468,49,CJ McCollum,POR,47,1600,405,884,0.458,169,420,0.402,108,133,0.812,30,155,185,223,44,21,65,87,1087,991,3.43,0.68
201935,50,James Harden,BKN,44,1609,342,734,0.466,121,334,0.362,278,323,0.861,35,313,348,475,53,33,177,99,1083,1378,2.68,0.3
202685,51,Jonas Valanciunas,MEM,62,1755,440,743,0.592,21,57,0.368,157,203,0.773,253,523,776,112,35,57,100,179,1058,1589,1.12,0.35
1627749,52,Dejounte Murray,SAS,67,2139,441,974,0.453,63,199,0.317,106,134,0.791,58,415,473,363,101,7,117,135,1051,1317,3.1,0.86
201950,53,Jrue Holiday,MIL,59,1907,414,823,0.503,111,283,0.392,107,136,0.787,73,195,268,357,96,37,127,98,1046,1239,2.81,0.76
1629632,54,Coby White,CHI,69,2156,375,902,0.416,163,454,0.359,128,142,0.901,28,256,284,328,38,15,156,179,1041,1009,2.1,0.24
1627832,55,Fred VanVleet,TOR,52,1899,338,870,0.389,174,476,0.366,169,191,0.885,32,188,220,328,87,37,95,119,1019,1042,3.45,0.92
1627750,56,Jamal Murray,DEN,48,1704,378,792,0.477,129,316,0.408,133,153,0.869,37,157,194,231,64,13,108,95,1018,978,2.14,0.59
203497,57,Rudy Gobert,UTA,71,2187,391,579,0.675,0,4,0.0,233,374,0.623,240,720,960,89,40,190,118,163,1015,1847,0.75,0.34
1629028,58,Deandre Ayton,PHX,69,2115,430,687,0.626,4,20,0.2,133,173,0.769,228,499,727,99,41,81,103,196,997,1545,0.96,0.4
203925,59,Joe Harris,BKN,69,2142,357,707,0.505,211,444,0.475,49,63,0.778,43,205,248,130,46,14,62,141,974,986,2.1,0.74
1628969,60,Mikal Bridges,PHX,72,2348,363,669,0.543,134,315,0.425,110,131,0.84,76,233,309,152,76,63,57,116,970,1186,2.67,1.33
203991,61,Clint Capela,ATL,63,1898,413,695,0.594,0,0,0.0,130,227,0.573,297,606,903,49,44,129,73,145,956,1629,0.67,0.6
1627747,62,Caris LeVert,IND,47,1485,359,814,0.441,84,258,0.326,146,180,0.811,33,181,214,245,66,30,102,105,948,912,2.4,0.65
203482,63,Kelly Olynyk,HOU,70,1997,337,697,0.484,126,368,0.342,145,175,0.829,87,402,489,203,79,42,126,207,945,1242,1.61,0.63
201142,64,Kevin Durant,BKN,35,1157,324,603,0.537,85,189,0.45,210,238,0.882,13,234,247,195,25,45,120,70,943,1028,1.63,0.21
1629130,65,Duncan Robinson,MIA,72,2262,315,717,0.439,250,613,0.408,62,75,0.827,7,243,250,127,43,20,81,181,942,886,1.57,0.53
1629636,66,Darius Garland,CLE,54,1790,362,802,0.451,105,266,0.395,112,132,0.848,23,106,129,329,66,6,164,110,941,847,2.01,0.4
203471,66,Dennis Schroder,LAL,61,1956,332,760,0.437,71,212,0.335,206,243,0.848,30,181,211,351,70,13,163,159,941,958,2.15,0.43
203084,68,Harrison Barnes,SAC,58,2102,319,642,0.497,100,256,0.391,195,235,0.83,64,321,385,201,43,11,93,75,933,1117,2.16,0.46
1626149,69,Montrezl Harrell,LAL,69,1580,375,603,0.622,0,10,0.0,181,256,0.707,158,270,428,73,46,49,74,128,931,1150,0.99,0.62
2546,70,Carmelo Anthony,POR,69,1690,327,777,0.421,133,325,0.409,137,154,0.89,32,182,214,104,46,38,61,144,924,798,1.71,0.75
203926,71,Doug McDermott,IND,66,1619,354,665,0.532,111,286,0.388,80,98,0.816,60,161,221,85,20,6,53,117,899,849,1.6,0.38
1629018,72,Gary Trent Jr.,TOR,58,1802,320,785,0.408,165,429,0.385,83,106,0.783,27,125,152,80,56,10,43,92,888,655,1.86,1.3
1629640,73,Keldon Johnson,SAS,69,1968,338,705,0.479,60,181,0.331,145,196,0.74,93,319,412,121,40,24,78,142,881,982,1.55,0.51
1628398,74,Kyle Kuzma,LAL,68,1954,335,757,0.443,137,380,0.361,67,97,0.691,108,309,417,127,35,41,113,121,874,929,1.12,0.31
202339,75,Eric Bledsoe,NOP,71,2112,307,730,0.421,121,355,0.341,134,195,0.687,29,215,244,268,55,24,114,112,869,862,2.35,0.48
1626158,75,Richaun Holmes,SAC,61,1781,366,575,0.637,2,11,0.182,135,170,0.794,144,360,504,101,39,96,75,213,869,1290,1.35,0.52
204001,77,Kristaps Porzingis,DAL,43,1327,325,683,0.476,97,258,0.376,118,138,0.855,82,299,381,68,20,58,51,115,865,963,1.33,0.39
202330,78,Gordon Hayward,CHA,44,1496,311,658,0.473,85,205,0.415,156,185,0.843,37,221,258,181,52,14,91,74,863,901,1.99,0.57
1626174,79,Christian Wood,HOU,41,1326,329,640,0.514,77,206,0.374,125,198,0.631,76,319,395,71,34,48,80,88,860,944,0.89,0.43
201572,80,Brook Lopez,MIL,70,1902,322,640,0.503,95,281,0.338,120,142,0.845,104,243,347,50,40,103,64,149,859,995,0.78,0.63
1628973,81,Jalen Brunson,DAL,68,1697,328,627,0.523,81,200,0.405,120,151,0.795,27,204,231,239,35,1,80,109,857,953,2.99,0.44
1630180,81,Saddiq Bey,DET,70,1909,279,691,0.404,175,460,0.38,124,147,0.844,43,275,318,95,52,14,60,110,857,841,1.58,0.87
203937,83,Kyle Anderson,MEM,69,1887,308,658,0.468,94,261,0.36,144,184,0.783,52,344,396,250,84,57,86,120,854,1165,2.91,0.98
1626162,84,Kelly Oubre Jr.,GSW,55,1688,318,724,0.439,90,285,0.316,123,177,0.695,82,247,329,73,57,42,70,121,849,820,1.04,0.81
1628970,85,Miles Bridges,CHA,66,1932,313,622,0.503,116,290,0.4,98,113,0.867,81,316,397,147,44,52,106,143,840,1050,1.39,0.42
1628983,86,Shai Gilgeous-Alexander,OKC,35,1180,287,565,0.508,71,170,0.418,185,229,0.808,19,147,166,207,27,23,106,70,830,825,1.95,0.26
1627732,87,Ben Simmons,PHI,58,1877,325,583,0.557,3,10,0.3,176,287,0.613,93,324,417,401,93,35,173,171,829,1233,2.32,0.54
202689,87,Kemba Walker,OKC,43,1369,284,676,0.42,127,353,0.36,134,149,0.899,16,154,170,212,48,12,88,61,829,776,2.41,0.55
1628367,89,Josh Jackson,DET,62,1560,296,707,0.419,77,257,0.3,159,218,0.729,57,197,254,143,53,47,142,178,828,713,1.01,0.37
201144,90,Mike Conley,UTA,51,1498,284,640,0.444,138,335,0.412,121,142,0.852,36,141,177,305,70,9,99,98,827,912,3.08,0.71
1629023,91,P.J. Washington,CHA,64,1954,302,686,0.44,112,290,0.386,108,145,0.745,93,325,418,161,69,79,128,171,824,1002,1.26,0.54
202322,92,John Wall,HOU,40,1288,293,726,0.404,79,249,0.317,158,211,0.749,17,112,129,275,42,31,141,46,823,673,1.95,0.3
201152,92,Thaddeus Young,CHI,68,1652,370,662,0.559,12,45,0.267,71,113,0.628,168,255,423,291,74,40,137,152,823,1180,2.12,0.54
1628989,94,Kevin Huerter,ATL,69,2126,316,731,0.432,140,386,0.363,50,64,0.781,38,193,231,241,82,18,79,165,822,886,3.05,1.04
1628449,95,Chris Boucher,TOR,60,1453,288,560,0.514,90,235,0.383,152,193,0.788,117,287,404,63,35,111,46,166,818,1072,1.37,0.76
1629003,96,Shake Milton,PHI,63,1461,300,667,0.45,71,203,0.35,146,176,0.83,33,115,148,193,39,18,103,130,817,715,1.87,0.38
1628984,97,Devonte' Graham,CHA,55,1659,252,669,0.377,179,477,0.375,133,158,0.842,22,126,148,295,48,6,84,77,816,787,3.51,0.57
1629134,97,Kendrick Nunn,MIA,56,1650,319,658,0.485,122,320,0.381,56,60,0.933,21,158,179,148,52,14,80,108,816,786,1.85,0.65
1629639,99,Tyler Herro,MIA,54,1635,307,699,0.439,107,297,0.36,94,117,0.803,25,243,268,184,35,17,101,71,815,803,1.82,0.35
204060,100,Joe Ingles,UTA,67,1867,275,562,0.489,183,406,0.451,76,90,0.844,27,217,244,318,45,12,117,120,809,1010,2.72,0.39
202683,101,Enes Kanter,POR,72,1757,339,561,0.604,1,4,0.25,127,164,0.774,284,511,795,84,33,48,78,168,806,1429,1.08,0.42
1628386,101,Jarrett Allen,CLE,63,1864,298,482,0.618,6,19,0.316,204,290,0.703,196,435,631,106,32,90,100,96,806,1295,1.06,0.32
1630163,103,LaMelo Ball,CHA,51,1469,293,672,0.436,92,261,0.352,125,165,0.758,63,239,302,313,81,18,145,136,803,953,2.16,0.56
1628366,104,Lonzo Ball,NOP,55,1747,290,700,0.414,172,455,0.378,50,64,0.781,33,230,263,316,82,31,123,103,802,947,2.57,0.67
1626156,105,D'Angelo Russell,MIN,42,1196,281,652,0.431,120,310,0.387,114,149,0.765,16,95,111,244,45,18,112,68,796,696,2.18,0.4
1630256,106,Jae'Sean Tate,HOU,70,2043,316,625,0.506,60,195,0.308,102,147,0.694,132,242,374,178,85,36,98,222,794,1015,1.82,0.87
200768,107,Kyle Lowry,TOR,46,1602,260,596,0.436,131,331,0.396,140,160,0.875,35,212,247,338,45,14,126,143,791,953,2.68,0.36
1629060,108,Rui Hachimura,WAS,57,1797,310,648,0.478,45,137,0.328,124,161,0.77,49,263,312,82,44,7,68,120,789,791,1.21,0.65
1628407,109,Dwayne Bacon,ORL,72,1853,292,726,0.402,59,207,0.285,145,176,0.824,31,193,224,93,45,5,46,103,788,644,2.02,0.98
203076,110,Anthony Davis,LAL,36,1162,301,613,0.491,26,100,0.26,158,214,0.738,62,224,286,110,45,59,74,60,786,844,1.49,0.61
1629675,111,Naz Reid,MIN,70,1347,304,581,0.523,61,174,0.351,115,166,0.693,82,240,322,72,34,76,69,179,784,891,1.04,0.49
202694,112,Marcus Morris Sr.,LAC,57,1502,276,584,0.473,140,296,0.473,73,89,0.82,35,199,234,58,34,15,57,117,765,725,1.02,0.6
203200,113,Justin Holiday,IND,72,2183,258,625,0.413,173,453,0.382,67,85,0.788,32,224,256,119,74,41,54,135,756,807,2.2,1.37
1626171,114,Bobby Portis,MIL,66,1372,313,598,0.523,74,157,0.471,54,73,0.74,124,342,466,71,52,26,56,115,754,1009,1.27,0.93
1629647,114,Darius Bazley,OKC,55,1714,273,690,0.396,83,286,0.29,125,178,0.702,51,345,396,99,29,25,122,60,754,711,0.81,0.24
1630169,116,Tyrese Haliburton,SAC,58,1746,292,619,0.472,121,296,0.409,48,56,0.857,39,134,173,309,77,28,92,83,753,913,3.36,0.84
201145,117,Jeff Green,BKN,68,1835,261,530,0.492,103,250,0.412,125,161,0.776,34,229,263,108,36,27,54,122,750,825,2.0,0.67
101150,118,Lou Williams,ATL,66,1423,265,646,0.41,69,173,0.399,150,173,0.867,21,117,138,225,47,6,108,62,749,653,2.08,0.44
201988,119,Patty Mills,SAS,68,1685,252,611,0.412,161,429,0.375,71,78,0.91,18,98,116,162,42,3,66,81,736,627,2.46,0.64
201565,120,Derrick Rose,NYK,50,1279,287,611,0.47,50,129,0.388,110,127,0.866,20,110,130,209,49,19,78,56,734,722,2.68,0.63
1630193,121,Immanuel Quickley,NYK,64,1244,229,580,0.395,118,303,0.389,155,174,0.891,25,112,137,127,30,12,58,114,731,609,2.19,0.52
1629652,122,Luguentz Dort,OKC,52,1543,247,639,0.387,113,329,0.343,122,164,0.744,38,151,189,88,45,19,79,134,729,557,1.11,0.57
1627736,123,Malik Beasley,MIN,37,1214,264,600,0.44,128,321,0.399,68,80,0.85,28,134,162,88,30,7,60,62,724,603,1.47,0.5
203992,124,Bogdan Bogdanovic,ATL,44,1305,267,565,0.473,146,333,0.438,40,44,0.909,20,140,160,147,49,13,54,99,720,733,2.72,0.91
203095,125,Evan Fournier,BOS,42,1259,247,541,0.457,117,283,0.413,108,137,0.788,10,118,128,144,47,19,73,96,719,661,1.97,0.64
203082,126,Terrence Ross,ORL,46,1347,254,616,0.412,89,264,0.337,120,138,0.87,15,143,158,108,47,21,74,88,717,597,1.46,0.64
200752,127,Rudy Gay,SAS,63,1358,264,628,0.42,106,278,0.381,82,102,0.804,42,261,303,88,45,40,65,115,716,743,1.35,0.69
1626196,128,Josh Richardson,DAL,59,1790,264,618,0.427,88,267,0.33,99,108,0.917,51,144,195,153,61,24,79,130,715,706,1.94,0.77
202704,128,Reggie Jackson,LAC,67,1544,263,585,0.45,122,282,0.433,67,82,0.817,24,168,192,205,41,7,74,127,715,749,2.77,0.55
203552,130,Seth Curry,PHI,57,1638,258,552,0.467,126,280,0.45,69,77,0.896,10,126,136,155,44,8,65,96,711,687,2.39,0.68
203115,130,Will Barton,DEN,56,1736,259,608,0.426,98,257,0.381,95,121,0.785,39,187,226,181,50,23,96,95,711,720,1.89,0.52
203493,132,Reggie Bullock,NYK,65,1949,248,561,0.442,163,398,0.41,50,55,0.909,16,207,223,99,52,11,45,146,709,731,2.2,1.16
1627854,133,Bryn Forbes,MIL,70,1354,250,529,0.473,154,341,0.452,47,61,0.77,11,101,112,45,24,1,44,77,701,546,1.02,0.55
1628374,134,Lauri Markkanen,CHI,51,1317,250,521,0.48,119,296,0.402,76,92,0.826,35,233,268,45,26,15,52,75,695,710,0.87,0.5
1628978,135,Donte DiVincenzo,MIL,66,1815,253,603,0.42,131,346,0.379,51,71,0.718,81,299,380,203,72,15,91,112,688,897,2.23,0.79
203083,136,Andre Drummond,LAL,46,1242,282,572,0.493,0,8,0.0,123,205,0.6,166,385,551,94,63,49,124,149,687,948,0.76,0.51
1628384,137,OG Anunoby,TOR,43,1433,249,519,0.48,104,261,0.398,80,102,0.784,54,183,237,94,66,32,75,114,682,744,1.25,0.88
201568,138,Danilo Gallinari,ATL,51,1222,206,475,0.434,103,254,0.406,161,174,0.925,17,194,211,76,30,10,43,105,676,678,1.77,0.7
201609,139,Goran Dragic,MIA,50,1337,240,555,0.432,91,244,0.373,101,122,0.828,25,144,169,219,33,8,118,113,672,647,1.86,0.28
1629022,140,Lonnie Walker IV,SAS,60,1522,256,609,0.42,100,282,0.355,57,70,0.814,14,141,155,101,29,15,65,101,669,538,1.55,0.45
1630177,141,Theo Maledon,OKC,65,1778,226,614,0.368,105,313,0.335,101,135,0.748,25,186,211,227,56,11,141,126,658,600,1.61,0.4
202722,142,Davis Bertans,WAS,57,1464,193,478,0.404,169,428,0.395,100,115,0.87,18,150,168,49,33,13,33,136,655,585,1.49,1.0
1630172,142,Patrick Williams,CHI,71,1983,255,528,0.483,54,138,0.391,91,125,0.728,66,261,327,99,64,46,98,126,655,786,1.01,0.65
201980,144,Danny Green,PHI,69,1934,224,544,0.412,175,432,0.405,31,40,0.775,55,205,260,118,92,56,67,125,654,784,1.76,1.37
203484,145,Kentavious Caldwell-Pope,LAL,67,1902,218,506,0.431,120,293,0.41,97,112,0.866,27,152,179,127,62,26,66,114,653,678,1.92,0.94
203506,146,Victor Oladipo,MIA,33,1080,235,576,0.408,78,239,0.326,104,138,0.754,12,148,160,151,46,14,83,81,652,565,1.82,0.55
1627826,147,Ivica Zubac,LAC,72,1609,257,394,0.652,1,4,0.25,135,171,0.789,189,330,519,90,24,62,81,187,650,1091,1.11,0.3
1630171,148,Isaac Okoro,CLE,67,2173,235,559,0.42,62,214,0.29,114,157,0.726,68,138,206,128,62,24,86,185,646,613,1.49,0.72
1626153,149,Delon Wright,SAC,63,1748,240,518,0.463,64,172,0.372,101,126,0.802,65,204,269,278,101,30,83,75,645,937,3.35,1.22
201577,150,Robin Lopez,WAS,71,1354,269,425,0.633,5,18,0.278,99,137,0.723,141,131,272,55,15,44,75,109,642,759,0.73,0.2
203901,151,Elfrid Payton,NYK,63,1484,269,622,0.432,28,98,0.286,73,107,0.682,64,152,216,203,47,9,103,116,639,624,1.97,0.46
1628464,152,Daniel Theis,CHI,65,1601,252,466,0.541,49,152,0.322,74,110,0.673,93,263,356,108,41,57,66,167,627,873,1.64,0.62
203935,152,Marcus Smart,BOS,48,1581,203,510,0.398,93,282,0.33,128,162,0.79,36,131,167,273,72,23,96,126,627,725,2.84,0.75
1630217,154,Desmond Bane,MEM,68,1519,234,499,0.469,117,271,0.432,40,49,0.816,31,179,210,118,41,16,59,125,625,677,2.0,0.7
202692,155,Alec Burks,NYK,49,1255,210,500,0.42,102,246,0.415,101,118,0.856,21,206,227,107,31,14,49,102,623,646,2.18,0.63
203932,156,Aaron Gordon,DEN,50,1384,231,499,0.463,59,176,0.335,97,149,0.651,77,207,284,161,33,34,97,89,618,713,1.66,0.34
1626224,157,Cedi Osman,CLE,59,1511,219,586,0.374,99,324,0.306,76,95,0.8,38,163,201,174,53,9,80,119,613,584,2.18,0.66
1629673,158,Jordan Poole,GSW,51,988,205,474,0.432,97,276,0.351,105,119,0.882,15,77,92,99,26,9,51,86,612,504,1.94,0.51
1629634,159,Brandon Clarke,MEM,59,1415,256,495,0.517,20,77,0.26,78,113,0.69,97,231,328,95,60,51,33,84,610,837,2.88,1.82
1628963,160,Marvin Bagley III,SAC,43,1112,247,490,0.504,37,108,0.343,77,134,0.575,106,212,318,43,21,21,59,100,608,652,0.73,0.36
1628976,161,Wendell Carter Jr.,ORL,54,1375,230,457,0.503,15,51,0.294,131,179,0.732,132,311,443,104,35,42,78,146,606,877,1.33,0.45
1630175,162,Cole Anthony,ORL,47,1273,219,552,0.397,58,172,0.337,109,131,0.832,38,183,221,192,30,18,106,98,605,605,1.81,0.28
1628977,163,Hamidou Diallo,DET,52,1226,224,470,0.477,28,82,0.341,128,200,0.64,59,213,272,101,41,24,76,134,604,648,1.33,0.54
203109,164,Jae Crowder,PHX,60,1648,199,492,0.404,148,380,0.389,57,75,0.76,32,250,282,127,48,27,55,125,603,721,2.31,0.87
204456,165,T.J. McConnell,IND,69,1796,274,490,0.559,15,48,0.313,33,48,0.688,55,201,256,456,128,23,135,113,596,1093,3.38,0.95
1627751,166,Jakob Poeltl,SAS,69,1845,265,430,0.616,0,0,0.0,63,124,0.508,219,328,547,134,47,123,83,172,593,1135,1.61,0.57
203496,166,Robert Covington,POR,70,2243,204,509,0.401,135,356,0.379,50,62,0.806,61,405,466,117,101,84,64,195,593,980,1.83,1.58
1626167,168,Myles Turner,IND,47,1455,206,432,0.477,69,206,0.335,111,142,0.782,63,243,306,48,40,159,67,165,592,821,0.72,0.6
1627827,169,Dorian Finney-Smith,DAL,60,1921,220,466,0.472,119,302,0.394,31,41,0.756,98,228,326,102,52,25,48,138,590,791,2.13,1.08
1629659,170,Talen Horton-Tucker,LAL,65,1304,224,489,0.458,37,131,0.282,100,129,0.775,25,144,169,181,63,21,105,127,585,620,1.72,0.6
201937,171,Ricky Rubio,MIN,68,1772,193,498,0.388,66,214,0.308,130,150,0.867,28,195,223,433,98,4,111,139,582,904,3.9,0.88
203486,172,Mason Plumlee,DET,56,1499,234,381,0.614,0,7,0.0,113,169,0.669,145,374,519,202,43,50,105,186,581,1087,1.92,0.41
1628971,173,Bruce Brown,BKN,65,1451,235,423,0.556,17,59,0.288,86,117,0.735,111,238,349,104,58,28,54,145,573,839,1.93,1.07
1629661,173,Cameron Johnson,PHX,60,1437,203,483,0.42,117,335,0.349,50,59,0.847,33,166,199,86,37,16,40,85,573,582,2.15,0.93
1629013,175,Landry Shamet,BKN,61,1403,186,456,0.408,129,333,0.387,66,78,0.846,11,101,112,99,31,10,48,93,567,489,2.06,0.65
1629004,176,Svi Mykhailiuk,OKC,66,1324,208,506,0.411,105,314,0.334,38,50,0.76,24,139,163,110,51,12,88,63,559,497,1.25,0.58
203526,177,Raul Neto,WAS,64,1403,209,447,0.468,64,164,0.39,75,85,0.882,28,128,156,146,73,6,53,109,557,637,2.76,1.38
1628401,178,Derrick White,SAS,36,1064,186,453,0.411,84,243,0.346,97,114,0.851,13,94,107,127,26,36,45,91,553,520,2.82,0.58
201587,179,Nicolas Batum,LAC,67,1835,191,412,0.464,110,272,0.404,48,58,0.828,50,266,316,148,69,37,53,102,540,826,2.79,1.3
1630191,180,Isaiah Stewart,DET,68,1455,226,409,0.553,21,63,0.333,64,92,0.696,159,294,453,59,39,86,67,184,537,896,0.88,0.58
1629676,181,Isaiah Roby,OKC,61,1425,207,429,0.483,32,109,0.294,87,117,0.744,89,252,341,107,52,37,113,162,533,705,0.95,0.46
1629056,181,Terence Davis,SAC,61,1074,195,456,0.428,98,267,0.367,45,55,0.818,20,134,154,83,44,14,63,97,533,494,1.32,0.7
1628960,183,Grayson Allen,MEM,50,1260,173,414,0.418,107,274,0.391,79,91,0.868,19,141,160,108,46,8,48,71,532,553,2.25,0.96
1629026,184,Kenrich Williams,OKC,66,1426,219,411,0.533,52,117,0.444,36,63,0.571,84,189,273,152,55,17,76,143,526,728,2.0,0.72
1628379,185,Luke Kennard,LAC,63,1232,197,414,0.476,100,224,0.446,26,31,0.839,15,146,161,104,23,9,48,91,520,547,2.17,0.48
202709,186,Cory Joseph,DET,63,1446,200,426,0.469,45,132,0.341,72,88,0.818,35,124,159,213,61,18,79,139,517,647,2.7,0.77
1630202,187,Payton Pritchard,BOS,66,1268,184,418,0.44,102,248,0.411,40,45,0.889,33,125,158,120,37,9,53,104,510,542,2.26,0.7
1629638,188,Nickeil Alexander-Walker,NOP,46,1007,192,458,0.419,76,219,0.347,48,66,0.727,13,131,144,102,47,22,69,88,508,470,1.48,0.68
201933,189,Blake Griffin,BKN,46,1187,174,411,0.423,70,205,0.341,87,117,0.744,35,190,225,140,32,15,62,111,505,588,2.26,0.52
1626166,189,Cameron Payne,PHX,60,1079,191,395,0.484,73,166,0.44,50,56,0.893,16,128,144,217,36,16,60,97,505,648,3.62,0.6
1629014,191,Anfernee Simons,POR,64,1104,168,401,0.419,120,282,0.426,46,57,0.807,14,126,140,89,18,8,43,96,502,470,2.07,0.42
200794,191,Paul Millsap,DEN,56,1162,191,401,0.476,49,143,0.343,71,98,0.724,76,186,262,98,51,36,51,111,502,661,1.92,1.0
1627788,193,Furkan Korkmaz,PHI,55,1062,170,424,0.401,101,269,0.375,60,82,0.732,17,96,113,82,49,9,46,64,501,432,1.78,1.07
1627777,194,Georges Niang,UTA,72,1154,177,405,0.437,124,292,0.425,22,23,0.957,28,148,176,59,25,8,51,116,500,488,1.16,0.49
1626220,195,Royce O'Neale,UTA,71,2240,175,394,0.444,107,278,0.385,39,46,0.848,88,397,485,181,57,32,83,182,496,942,2.18,0.69
1628370,196,Malik Monk,CHA,42,878,173,399,0.434,85,212,0.401,59,72,0.819,14,87,101,87,19,4,55,47,490,407,1.58,0.35
1630178,197,Tyrese Maxey,PHI,61,936,198,429,0.462,31,103,0.301,61,70,0.871,11,93,104,120,26,13,41,79,488,470,2.93,0.63
2730,198,Dwight Howard,PHI,69,1196,178,303,0.587,5,20,0.25,121,210,0.576,190,390,580,61,30,62,112,200,482,889,0.55,0.27
203920,198,Khem Birch,TOR,67,1529,189,380,0.497,13,52,0.25,91,129,0.705,174,213,387,89,48,50,44,113,482,783,2.02,1.09
201569,200,Eric Gordon,HOU,27,789,159,367,0.433,69,210,0.329,94,114,0.825,8,50,58,71,14,13,51,44,481,358,1.39,0.28
203145,200,Kent Bazemore,GSW,67,1334,176,392,0.449,75,184,0.408,54,78,0.692,26,203,229,108,69,33,82,158,481,598,1.32,0.84
1628420,200,Monte Morris,DEN,47,1196,186,387,0.481,51,134,0.381,58,73,0.795,11,85,96,150,34,13,34,48,481,524,4.41,1.0
1628988,203,Aaron Holiday,IND,66,1176,170,436,0.39,67,182,0.368,68,83,0.819,15,74,89,123,46,13,66,94,475,399,1.86,0.7
1629001,204,De'Anthony Melton,MEM,52,1045,172,393,0.438,87,211,0.412,41,51,0.804,30,131,161,132,60,31,66,85,472,559,2.0,0.91
1629611,204,Terance Mann,LAC,67,1263,178,350,0.509,38,91,0.418,78,94,0.83,56,186,242,104,29,13,40,126,472,632,2.6,0.73
203210,206,JaMychal Green,DEN,58,1120,173,374,0.463,79,198,0.399,46,57,0.807,85,192,277,53,26,22,53,144,471,584,1.0,0.49
1626192,207,Pat Connaughton,MIL,69,1575,168,387,0.434,101,272,0.371,31,40,0.775,63,269,332,81,49,23,33,99,468,692,2.46,1.49
201586,208,Serge Ibaka,LAC,41,955,186,365,0.51,39,115,0.339,43,53,0.811,73,202,275,74,9,47,44,76,454,626,1.68,0.21
203469,209,Cody Zeller,CHA,48,1005,181,324,0.559,4,28,0.143,85,119,0.714,119,209,328,86,27,17,51,121,451,681,1.69,0.53
1629637,210,Jaxson Hayes,NOP,60,964,175,280,0.625,6,14,0.429,93,120,0.775,92,165,257,35,25,38,39,101,449,633,0.9,0.64
1630164,211,James Wiseman,GSW,39,836,191,368,0.519,12,38,0.316,54,86,0.628,55,171,226,26,11,36,60,121,448,478,0.43,0.18
203107,212,Tomas Satoransky,CHI,58,1307,169,329,0.514,42,118,0.356,67,79,0.848,30,112,142,271,40,14,96,89,447,646,2.82,0.42
203110,213,Draymond Green,GSW,63,1982,170,380,0.447,34,126,0.27,70,88,0.795,55,393,448,558,105,52,188,194,444,1191,2.97,0.56
1626145,214,Tyus Jones,MEM,70,1223,178,413,0.431,45,140,0.321,41,45,0.911,21,119,140,259,64,6,48,31,442,624,5.4,1.33
201961,214,Wayne Ellington,DET,46,1012,149,338,0.441,116,275,0.422,28,35,0.8,12,73,85,67,18,9,33,59,442,392,2.03,0.55
201571,216,D.J. Augustin,HOU,57,1129,135,343,0.394,83,217,0.382,85,94,0.904,20,74,94,188,28,1,65,56,438,467,2.89,0.43
203500,216,Steven Adams,NOP,58,1605,189,308,0.614,0,3,0.0,60,135,0.444,213,301,514,111,54,38,78,113,438,883,1.42,0.69
203967,218,Dario Saric,PHX,50,871,153,342,0.447,47,135,0.348,84,99,0.848,46,144,190,65,30,4,57,95,437,465,1.14,0.53
1628404,219,Josh Hart,NOP,47,1350,151,344,0.439,63,193,0.326,69,89,0.775,53,324,377,109,38,12,49,111,434,708,2.22,0.78
1629645,220,Kevin Porter Jr.,HOU,26,836,156,367,0.425,50,161,0.311,69,94,0.734,20,79,99,164,19,8,91,61,431,394,1.8,0.21
1630183,221,Jaden McDaniels,MIN,63,1511,164,367,0.447,72,198,0.364,27,45,0.6,52,180,232,71,35,60,47,172,427,557,1.51,0.75
201599,222,DeAndre Jordan,BKN,57,1246,190,249,0.763,0,1,0.0,46,92,0.5,117,310,427,93,17,65,85,116,426,838,1.09,0.2
203994,223,Jusuf Nurkic,POR,37,880,171,333,0.514,12,30,0.4,70,113,0.619,86,246,332,125,38,39,73,103,424,680,1.71,0.52
203458,224,Alex Len,WAS,64,979,171,278,0.615,8,25,0.32,73,116,0.629,78,182,260,49,20,64,55,127,423,611,0.89,0.36
202066,224,Garrett Temple,CHI,56,1528,158,381,0.415,67,200,0.335,40,50,0.8,29,131,160,124,43,30,58,126,423,489,2.14,0.74
1630231,226,Kenyon Martin Jr.,HOU,45,1068,162,318,0.509,35,96,0.365,60,84,0.714,73,169,242,48,30,41,38,89,419,562,1.26,0.79
1629057,227,Robert Williams III,BOS,52,985,186,258,0.721,0,2,0.0,45,73,0.616,133,225,358,94,43,91,52,105,417,851,1.81,0.83
1628425,228,Sterling Brown,HOU,51,1229,150,335,0.448,91,215,0.423,25,31,0.806,38,186,224,72,38,12,41,97,416,530,1.76,0.93
203504,229,Trey Burke,DAL,62,911,151,353,0.428,58,164,0.354,51,57,0.895,10,44,54,81,36,7,33,64,411,348,2.46,1.09
202684,230,Tristan Thompson,BOS,54,1287,169,326,0.518,0,3,0.0,71,120,0.592,169,270,439,67,24,33,62,119,409,704,1.08,0.39
202693,231,Markieff Morris,LAL,61,1200,153,378,0.405,65,209,0.311,36,50,0.72,48,218,266,73,22,19,54,105,407,494,1.35,0.41
203463,232,Ben McLemore,LAL,53,905,135,365,0.37,97,280,0.346,39,53,0.736,15,85,100,39,23,9,42,88,406,291,0.93,0.55
1627756,232,Denzel Valentine,CHI,62,1036,155,416,0.373,80,242,0.331,16,17,0.941,24,173,197,105,30,7,42,70,406,441,2.5,0.71
1628410,234,Edmond Sumner,IND,53,861,148,282,0.525,35,88,0.398,68,83,0.819,18,76,94,49,33,10,51,88,399,385,0.96,0.65
201143,235,Al Horford,BOS,28,782,162,360,0.45,56,152,0.368,18,22,0.818,29,159,188,94,25,26,29,48,398,500,3.24,0.86
1627884,236,Derrick Jones Jr.,POR,58,1318,147,304,0.484,43,136,0.316,59,91,0.648,77,128,205,47,37,54,32,127,396,518,1.47,1.16
1630267,236,Facundo Campazzo,DEN,65,1425,120,315,0.381,76,216,0.352,80,91,0.879,22,112,134,232,79,14,73,132,396,576,3.18,1.08
1628402,238,Frank Jackson,DET,40,738,134,293,0.457,61,150,0.407,61,75,0.813,15,71,86,36,15,1,34,53,390,321,1.06,0.44
1630214,238,Xavier Tillman,MEM,59,1085,167,299,0.559,22,65,0.338,34,53,0.642,74,182,256,75,44,33,45,116,390,602,1.67,0.98
1627752,240,Taurean Prince,CLE,41,905,131,327,0.401,62,155,0.4,65,76,0.855,19,123,142,76,28,23,47,75,389,404,1.62,0.6
203914,241,Gary Harris,ORL,39,1080,138,345,0.4,48,141,0.34,64,78,0.821,21,58,79,78,28,11,37,71,388,326,2.11,0.76
1628408,242,PJ Dozier,DEN,50,1088,148,355,0.417,47,149,0.315,42,66,0.636,35,147,182,92,31,22,46,86,385,435,2.0,0.67
1629672,243,Eric Paschall,GSW,40,695,148,298,0.497,18,54,0.333,67,94,0.713,28,100,128,51,12,7,43,68,381,359,1.19,0.28
1629655,244,Daniel Gafford,WAS,54,791,154,225,0.684,0,0,0.0,72,108,0.667,94,137,231,29,26,75,41,98,380,593,0.71,0.63
1629669,245,Jaylen Nowell,MIN,42,759,142,335,0.424,50,150,0.333,45,55,0.818,19,76,95,62,22,12,28,72,379,339,2.21,0.79
1629731,246,Dean Wade,CLE,63,1212,134,311,0.431,78,213,0.366,30,39,0.769,38,177,215,74,35,21,30,78,376,505,2.47,1.17
1627823,247,Juancho Hernangomez,MIN,52,900,130,299,0.435,55,168,0.327,60,97,0.619,45,160,205,35,19,7,27,52,375,408,1.3,0.7
1627814,248,Damion Lee,GSW,57,1079,128,274,0.467,77,194,0.397,40,44,0.909,22,158,180,73,38,8,30,89,373,492,2.43,1.27
201952,249,Jeff Teague,MIL,55,950,123,284,0.433,36,82,0.439,89,105,0.848,15,73,88,132,34,12,64,56,371,396,2.06,0.53
1627936,250,Alex Caruso,LAL,58,1216,133,305,0.436,55,137,0.401,49,76,0.645,31,139,170,160,64,15,76,108,370,504,2.11,0.84
1629650,250,Moses Brown,BOS,43,920,146,268,0.545,0,0,0.0,78,126,0.619,154,229,383,10,31,47,43,93,370,628,0.23,0.72
1627789,250,Timothe Luwawu-Cabarrot,BKN,58,1050,130,356,0.365,75,239,0.314,35,43,0.814,28,101,129,69,33,6,43,99,370,330,1.61,0.77
202324,253,Derrick Favors,UTA,68,1039,155,243,0.638,0,2,0.0,59,80,0.738,138,238,376,44,32,68,36,143,369,744,1.22,0.89
201949,254,James Johnson,NOP,51,1043,146,327,0.446,31,120,0.258,45,76,0.592,32,145,177,98,42,42,55,120,368,460,1.78,0.76
1630197,255,Aleksej Pokusevski,OKC,45,1090,139,408,0.341,58,207,0.28,31,42,0.738,30,182,212,97,20,42,99,58,367,359,0.98,0.2
1628964,255,Mo Bamba,ORL,46,725,142,301,0.472,38,118,0.322,45,66,0.682,76,189,265,35,14,58,36,87,367,523,0.97,0.39
202326,257,DeMarcus Cousins,LAC,41,713,130,305,0.426,47,135,0.348,59,81,0.728,53,210,263,76,34,24,64,107,366,502,1.19,0.53
1626195,258,Willy Hernangomez,NOP,47,846,151,268,0.563,1,10,0.1,62,93,0.667,117,217,334,50,22,23,34,68,365,612,1.47,0.65
203087,259,Jeremy Lamb,IND,36,765,120,276,0.435,52,128,0.406,71,75,0.947,25,106,131,53,34,23,22,72,363,422,2.41,1.55
1629726,260,Garrison Mathews,WAS,64,1038,97,237,0.409,76,198,0.384,84,95,0.884,16,71,87,26,29,7,10,106,354,342,2.6,2.9
1630181,260,R.J. Hampton,ORL,51,888,136,313,0.435,27,87,0.31,55,82,0.671,29,150,179,87,21,10,53,61,354,394,1.64,0.4
1630201,262,Malachi Flynn,TOR,47,928,127,340,0.374,54,168,0.321,45,56,0.804,10,106,116,137,38,7,43,68,353,384,3.19,0.88
1628467,262,Maxi Kleber,DAL,50,1341,116,275,0.422,87,212,0.41,34,37,0.919,47,213,260,68,24,35,30,105,353,548,2.27,0.8
1629660,262,Ty Jerome,OKC,33,788,128,287,0.446,71,168,0.423,26,34,0.765,10,81,91,120,20,6,47,61,353,376,2.55,0.43
200746,265,LaMarcus Aldridge,BKN,26,674,140,296,0.473,31,80,0.388,41,47,0.872,19,99,118,49,11,29,27,47,352,370,1.82,0.41
1629643,266,Chuma Okeke,ORL,45,1133,135,324,0.417,49,141,0.348,30,40,0.75,42,139,181,101,48,22,38,48,349,464,2.66,1.26
1629667,267,Jalen McDaniels,CHA,47,904,133,284,0.468,35,105,0.333,45,64,0.703,45,124,169,53,28,19,45,95,346,400,1.18,0.62
203516,268,James Ennis III,ORL,41,986,115,243,0.473,45,104,0.433,70,87,0.805,43,123,166,62,32,7,36,84,345,431,1.72,0.89
1629631,269,De'Andre Hunter,ATL,23,678,120,248,0.484,31,95,0.326,73,85,0.859,17,93,110,44,19,12,29,59,344,360,1.52,0.66
1629020,269,Jarred Vanderbilt,MIN,64,1139,143,236,0.606,1,5,0.2,57,102,0.559,118,250,368,76,64,46,53,123,344,707,1.43,1.21
1630184,271,Kira Lewis Jr.,NOP,54,904,130,337,0.386,40,120,0.333,43,51,0.843,12,59,71,124,38,10,34,88,343,337,3.65,1.12
1630166,272,Deni Avdija,WAS,54,1257,130,312,0.417,53,168,0.315,29,45,0.644,22,240,262,63,32,15,33,140,342,483,1.91,0.97
203939,272,Dwight Powell,DAL,58,966,120,194,0.619,5,21,0.238,97,124,0.782,80,154,234,63,36,30,40,135,342,564,1.58,0.9
1630170,274,Devin Vassell,SAS,62,1056,123,303,0.406,52,150,0.347,43,51,0.843,24,150,174,56,43,18,22,88,341,422,2.55,1.96
203488,275,Mike Muscala,OKC,35,645,119,267,0.446,68,184,0.37,33,36,0.917,19,113,132,28,8,11,21,54,339,346,1.33,0.38
201580,276,JaVale McGee,DEN,46,678,144,282,0.511,5,24,0.208,44,67,0.657,77,162,239,39,19,54,60,121,337,467,0.65,0.32
1628539,276,Mychal Mulder,GSW,60,766,119,265,0.449,85,214,0.397,14,22,0.636,8,52,60,26,12,12,16,56,337,277,1.63,0.75
202954,278,Brad Wanamaker,CHA,61,1053,115,299,0.385,16,85,0.188,90,101,0.891,18,87,105,174,43,11,71,94,336,403,2.45,0.61
202687,279,Bismack Biyombo,CHA,66,1349,142,242,0.587,0,1,0.0,47,105,0.448,137,210,347,81,17,74,71,141,331,621,1.14,0.24
200755,280,JJ Redick,DAL,44,723,106,267,0.397,66,178,0.371,49,52,0.942,4,60,64,51,11,3,36,50,327,256,1.42,0.31
1626204,280,Larry Nance Jr.,CLE,35,1091,128,272,0.471,41,114,0.36,30,49,0.612,54,181,235,107,61,17,55,72,327,529,1.95,1.11
203382,282,Aron Baynes,TOR,53,980,134,304,0.441,27,103,0.262,29,41,0.707,87,186,273,47,17,22,46,119,324,455,1.02,0.37
203457,282,Nerlens Noel,NYK,64,1547,137,223,0.614,0,3,0.0,50,70,0.714,142,265,407,46,70,141,65,176,324,817,0.71,1.08
203524,284,Solomon Hill,ATL,71,1514,107,298,0.359,68,212,0.321,35,46,0.761,42,172,214,75,50,11,42,116,317,423,1.79,1.19
1629006,285,Josh Okogie,MIN,59,1197,102,254,0.402,29,108,0.269,83,108,0.769,63,93,156,63,54,28,43,123,316,397,1.47,1.26
1627863,286,Danuel House Jr.,HOU,36,932,110,272,0.404,54,156,0.346,41,63,0.651,18,114,132,69,20,16,36,67,315,332,1.92,0.56
1629234,287,Drew Eubanks,SAS,54,755,116,205,0.566,2,2,1.0,77,106,0.726,74,167,241,42,18,49,45,88,311,498,0.93,0.4
1626163,288,Frank Kaminsky,PHX,47,715,121,257,0.471,31,85,0.365,37,60,0.617,36,152,188,79,14,17,22,70,310,427,3.59,0.64
1629021,288,Moritz Wagner,ORL,45,722,104,229,0.454,31,91,0.341,71,87,0.816,27,119,146,50,26,18,43,108,310,366,1.16,0.61
1628422,290,Damyean Dotson,CLE,46,907,119,293,0.406,46,159,0.289,24,36,0.667,5,88,93,91,16,4,42,42,308,284,2.17,0.38
201567,291,Kevin Love,CLE,25,622,103,252,0.409,57,156,0.365,42,51,0.824,17,169,186,63,16,2,38,26,305,376,1.66,0.42
1630173,292,Precious Achiuwa,MIA,61,737,124,228,0.544,0,1,0.0,56,110,0.509,73,135,208,29,20,28,43,91,304,388,0.67,0.47
1629308,293,Juan Toscano-Anderson,GSW,53,1108,121,209,0.579,37,92,0.402,22,31,0.71,29,206,235,150,41,26,61,111,301,595,2.46,0.67
1628396,294,Tony Bradley,OKC,42,684,131,197,0.665,0,3,0.0,38,55,0.691,85,154,239,37,15,30,33,61,300,505,1.12,0.46
202397,295,Ish Smith,WAS,44,924,129,297,0.434,18,49,0.367,19,33,0.576,22,128,150,172,32,13,41,62,295,439,4.2,0.78
1629684,296,Grant Williams,BOS,63,1138,108,247,0.437,48,129,0.372,30,51,0.588,48,130,178,64,32,24,56,161,294,376,1.14,0.57
1627761,297,DeAndre' Bembry,TOR,51,972,117,228,0.513,14,53,0.264,45,66,0.682,33,113,146,107,53,18,71,87,293,414,1.51,0.75
202355,297,Hassan Whiteside,SAC,36,546,126,224,0.563,0,1,0.0,41,79,0.519,61,154,215,20,9,46,40,73,293,407,0.5,0.23
1629629,299,Cam Reddish,ATL,26,750,96,263,0.365,33,126,0.262,67,82,0.817,22,82,104,35,33,9,34,68,292,257,1.03,0.97
203085,300,Austin Rivers,DEN,36,845,104,245,0.424,55,149,0.369,22,31,0.71,8,74,82,81,30,2,36,64,285,294,2.25,0.83
1629635,300,Sekou Doumbouya,DET,56,869,107,282,0.379,26,115,0.226,45,64,0.703,39,104,143,47,24,9,44,94,285,270,1.07,0.55
2772,302,Trevor Ariza,MIA,30,841,99,241,0.411,50,143,0.35,34,44,0.773,27,117,144,55,31,18,21,55,282,357,2.62,1.48
1626161,303,Willie Cauley-Stein,DAL,53,906,115,182,0.632,1,11,0.091,49,78,0.628,66,170,236,35,21,43,29,129,280,490,1.21,0.72
202083,304,Wesley Matthews,LAL,58,1130,89,252,0.353,66,197,0.335,35,41,0.854,20,73,93,54,38,17,26,80,279,286,2.08,1.46
201976,305,Patrick Beverley,LAC,37,833,93,220,0.423,56,141,0.397,36,45,0.8,29,90,119,76,29,28,34,108,278,360,2.24,0.85
1628021,306,David Nwaba,HOU,30,679,106,218,0.486,17,63,0.27,47,68,0.691,40,78,118,31,30,21,17,60,276,326,1.82,1.77
2738,307,Andre Iguodala,MIA,63,1339,95,248,0.383,60,182,0.33,25,38,0.658,38,183,221,142,57,35,67,90,275,497,2.12,0.85
203487,308,Michael Carter-Williams,ORL,31,800,105,270,0.389,15,61,0.246,49,80,0.613,39,100,139,129,25,17,69,81,274,319,1.87,0.36
1628470,308,Torrey Craig,PHX,50,803,109,227,0.48,39,106,0.368,17,22,0.773,57,140,197,49,28,27,25,83,274,427,1.96,1.12
203490,310,Otto Porter Jr.,ORL,28,607,98,227,0.432,39,104,0.375,36,42,0.857,28,124,152,55,16,4,25,41,271,338,2.2,0.64
1630240,311,Saben Lee,DET,48,781,99,210,0.471,8,23,0.348,61,89,0.685,20,77,97,174,32,13,55,76,267,389,3.16,0.58
1626169,311,Stanley Johnson,TOR,61,1006,89,233,0.382,45,137,0.328,44,55,0.8,29,124,153,89,52,18,54,116,267,370,1.65,0.96
1626184,313,Chasson Randle,ORL,41,837,92,237,0.388,44,130,0.338,38,48,0.792,7,75,82,74,22,5,46,64,266,248,1.61,0.48
1628997,314,Caleb Martin,CHA,53,818,96,256,0.375,31,125,0.248,41,64,0.641,31,110,141,67,37,12,33,62,264,305,2.03,1.12
201188,315,Marc Gasol,LAL,52,993,88,194,0.454,50,122,0.41,36,50,0.72,38,177,215,109,26,58,53,115,262,497,2.06,0.49
201588,316,George Hill,PHI,30,672,95,197,0.482,31,80,0.388,40,50,0.8,16,45,61,73,23,5,31,31,261,280,2.36,0.74
1628400,317,Semi Ojeleye,BOS,56,950,89,221,0.403,58,158,0.367,24,32,0.75,31,116,147,37,17,0,21,56,260,300,1.76,0.81
203476,318,Gorgui Dieng,SAS,38,553,85,163,0.521,30,70,0.429,58,67,0.866,40,100,140,48,26,16,32,56,258,369,1.5,0.81
1629162,319,Jordan McLaughlin,MIN,51,938,100,242,0.413,33,92,0.359,23,30,0.767,21,87,108,193,51,6,51,44,256,414,3.78,1.0
1629011,319,Mitchell Robinson,NYK,31,853,115,176,0.653,0,0,0.0,26,53,0.491,113,139,252,17,35,45,26,86,256,491,0.65,1.35
1629680,321,Matisse Thybulle,PHI,65,1298,102,243,0.42,43,143,0.301,8,18,0.444,30,94,124,63,105,71,32,127,255,435,1.97,3.28
1630167,322,Obi Toppin,NYK,62,683,104,209,0.498,26,85,0.306,19,26,0.731,26,112,138,29,17,15,23,55,253,317,1.26,0.74
1626172,323,Kevon Looney,GSW,61,1161,108,197,0.548,4,17,0.235,31,48,0.646,117,205,322,119,21,22,37,136,251,592,3.22,0.57
203503,324,Tony Snell,ATL,47,992,88,171,0.515,62,109,0.569,11,11,1.0,18,94,112,59,13,11,21,75,249,340,2.81,0.62
1628975,325,Jevon Carter,PHX,60,717,94,223,0.422,56,151,0.371,4,7,0.571,16,76,92,71,29,9,16,56,248,301,4.44,1.81
1630230,326,Naji Marshall,NOP,32,700,82,209,0.392,29,83,0.349,53,75,0.707,15,133,148,88,26,10,38,58,246,331,2.32,0.68
203918,326,Rodney Hood,TOR,55,943,94,260,0.362,34,113,0.301,24,28,0.857,23,80,103,53,24,7,36,74,246,227,1.47,0.67
1628382,328,Justin Jackson,MIL,34,577,89,221,0.403,36,117,0.308,31,37,0.838,16,61,77,52,15,2,32,32,245,221,1.63,0.47
1629216,329,Gabe Vincent,MIA,50,655,88,233,0.378,46,149,0.309,20,23,0.87,10,46,56,67,21,2,34,79,242,206,1.97,0.62
202357,329,Nemanja Bjelica,MIA,37,595,89,196,0.454,27,85,0.318,37,51,0.725,29,98,127,69,15,5,33,68,242,304,2.09,0.46
200765,329,Rajon Rondo,LAC,45,769,95,215,0.442,36,89,0.404,16,17,0.941,18,92,110,199,37,4,79,53,242,392,2.52,0.47
201959,332,Taj Gibson,NYK,45,936,99,158,0.627,3,15,0.2,40,55,0.727,99,151,250,36,31,49,22,99,241,511,1.64,1.41
1628392,333,Isaiah Hartenstein,CLE,46,559,94,171,0.55,2,6,0.333,46,71,0.648,65,116,181,55,19,39,44,104,236,384,1.25,0.43
1629622,333,Max Strus,MIA,39,507,85,187,0.455,50,148,0.338,16,24,0.667,5,36,41,24,11,2,8,43,236,196,3.0,1.38
1629048,335,Goga Bitadze,IND,45,561,83,194,0.428,20,79,0.253,45,61,0.738,60,90,150,37,9,60,17,94,231,343,2.18,0.53
1627774,335,Jake Layman,MIN,45,627,91,184,0.495,23,78,0.295,26,37,0.703,13,54,67,28,29,19,26,44,231,244,1.08,1.12
1629052,337,Oshae Brissett,IND,21,519,73,151,0.483,33,78,0.423,50,65,0.769,29,86,115,18,19,20,10,32,229,298,1.8,1.9
1629164,338,Brandon Goodwin,ATL,47,620,84,223,0.377,32,103,0.311,28,43,0.651,8,61,69,95,17,0,36,41,228,219,2.64,0.47
1630168,338,Onyeka Okongwu,ATL,50,601,96,149,0.644,0,3,0.0,36,57,0.632,62,101,163,18,23,33,29,100,228,362,0.62,0.79
1629002,340,Chimezie Metu,SAC,36,488,91,179,0.508,13,37,0.351,31,43,0.721,31,81,112,28,14,18,29,59,226,269,0.97,0.48
1629717,341,Armoni Brooks,HOU,20,520,78,192,0.406,60,157,0.382,7,12,0.583,10,58,68,30,12,5,22,34,223,197,1.36,0.55
1629642,342,Nassir Little,POR,48,640,78,167,0.467,28,80,0.35,36,45,0.8,32,96,128,23,5,13,18,51,220,273,1.28,0.28
1630174,343,Aaron Nesmith,BOS,46,669,78,178,0.438,40,108,0.37,22,28,0.786,28,99,127,23,15,9,23,87,218,263,1.0,0.65
1629139,343,Yuta Watanabe,TOR,50,723,79,180,0.439,36,90,0.4,24,29,0.828,36,123,159,40,26,19,19,57,218,337,2.11,1.37
203118,345,Mike Scott,PHI,51,852,76,211,0.36,53,155,0.342,8,12,0.667,11,109,120,40,24,14,19,72,213,253,2.11,1.26
1629651,346,Nicolas Claxton,BKN,32,594,90,145,0.621,1,5,0.2,31,64,0.484,43,123,166,28,23,40,18,68,212,363,1.56,1.28
204020,347,Tyler Johnson,BKN,39,684,72,183,0.393,48,132,0.364,18,21,0.857,6,71,77,47,14,0,17,43,210,217,2.77,0.82
1628998,348,Cody Martin,CHA,52,849,83,188,0.441,16,58,0.276,25,43,0.581,52,109,161,86,37,12,40,52,207,340,2.15,0.93
202335,349,Patrick Patterson,LAC,38,582,72,165,0.436,40,112,0.357,13,17,0.765,19,56,75,29,14,8,11,45,197,215,2.64,1.27
203090,350,Maurice Harkless,SAC,37,772,69,165,0.418,23,84,0.274,33,43,0.767,13,76,89,44,30,20,22,86,194,249,2.0,1.36
200782,351,P.J. Tucker,MIL,52,1356,66,177,0.373,40,119,0.336,21,28,0.75,51,153,204,61,39,20,40,125,193,359,1.53,0.98
204038,352,Langston Galloway,PHX,40,438,66,147,0.449,36,85,0.424,22,23,0.957,7,35,42,26,8,0,13,25,190,171,2.0,0.62
1629723,353,John Konchar,MEM,43,575,69,138,0.5,21,56,0.375,25,30,0.833,35,93,128,47,30,9,18,40,184,306,2.61,1.67
1628391,354,D.J. Wilson,HOU,35,433,68,168,0.405,30,87,0.345,17,25,0.68,20,92,112,23,11,16,22,44,183,215,1.05,0.5
1627745,354,Damian Jones,SAC,39,546,70,103,0.68,1,5,0.2,42,58,0.724,36,85,121,29,11,29,26,77,183,298,1.12,0.42
1629633,356,Jarrett Culver,MIN,34,499,69,168,0.411,13,53,0.245,29,48,0.604,34,70,104,24,17,9,28,58,180,188,0.86,0.61
1626159,357,Justise Winslow,MEM,26,507,74,210,0.352,10,54,0.185,20,35,0.571,18,100,118,50,15,12,37,47,178,185,1.35,0.41
1630165,358,Killian Hayes,DET,26,670,71,201,0.353,20,72,0.278,14,17,0.824,6,63,69,138,27,10,83,57,176,204,1.66,0.33
202340,359,Avery Bradley,HOU,27,602,64,171,0.374,33,101,0.327,12,15,0.8,8,49,57,46,21,3,28,55,173,162,1.64,0.75
1629670,360,Jordan Nwora,MIL,30,274,62,135,0.459,28,62,0.452,19,25,0.76,9,51,60,7,17,8,24,22,171,160,0.29,0.71
1630222,361,Mason Jones,PHI,32,334,52,123,0.423,24,66,0.364,40,64,0.625,7,48,55,42,7,1,29,24,168,149,1.45,0.24
203648,362,Thanasis Antetokounmpo,MIL,57,551,67,137,0.489,7,29,0.241,25,49,0.51,54,70,124,46,22,10,43,74,166,231,1.07,0.51
1630205,363,Lamar Stevens,CLE,40,499,62,136,0.456,4,25,0.16,37,51,0.725,24,72,96,25,17,13,23,53,165,205,1.09,0.74
1628995,364,Kevin Knox II,NYK,42,464,56,143,0.392,35,89,0.393,16,20,0.8,10,51,61,19,12,6,17,37,163,153,1.12,0.71
1629685,365,Dylan Windler,CLE,31,513,57,130,0.438,26,77,0.338,21,27,0.778,20,87,107,33,19,12,32,37,161,221,1.03,0.59
1628972,365,Troy Brown Jr.,CHI,34,523,62,144,0.431,22,70,0.314,15,21,0.714,20,85,105,29,10,6,21,49,161,202,1.38,0.48
1627846,367,Abdel Nader,PHX,24,355,57,116,0.491,18,43,0.419,28,37,0.757,7,55,62,19,10,9,19,34,160,173,1.0,0.53
1628991,368,Jaren Jackson Jr.,MEM,11,258,53,125,0.424,17,60,0.283,35,42,0.833,17,45,62,12,12,18,15,42,158,168,0.8,0.8
1629103,369,Kelan Martin,IND,35,323,62,138,0.449,24,60,0.4,9,10,0.9,18,60,78,17,10,10,16,35,157,179,1.06,0.63
1626246,370,Boban Marjanovic,DAL,33,271,62,122,0.508,1,8,0.125,31,38,0.816,47,81,128,10,2,6,12,29,156,223,0.83,0.17
1629076,370,Tyler Cook,DET,32,437,69,103,0.67,1,2,0.5,17,35,0.486,28,67,95,17,8,2,21,35,156,205,0.81,0.38
1628372,372,Dennis Smith Jr.,DET,23,420,58,145,0.4,19,58,0.328,19,26,0.731,12,43,55,77,23,14,26,37,154,203,2.96,0.89
1630198,373,Isaiah Joe,PHI,41,383,48,133,0.361,39,106,0.368,18,24,0.75,6,30,36,20,12,4,11,34,153,123,1.82,1.09
1629750,374,Javonte Green,CHI,41,474,53,102,0.52,10,30,0.333,30,40,0.75,26,45,71,17,28,6,19,45,146,190,0.9,1.47
1626143,375,Jahlil Okafor,DET,27,347,63,102,0.618,2,9,0.222,17,24,0.708,23,43,66,13,6,5,21,39,145,168,0.62,0.29
1628418,376,Thomas Bryant,WAS,10,271,59,91,0.648,9,21,0.429,16,24,0.667,18,43,61,15,4,8,11,31,143,180,1.36,0.36
1629599,377,Amir Coffey,LAC,44,395,45,103,0.437,23,56,0.411,27,38,0.711,10,34,44,22,10,0,15,30,140,132,1.47,0.67
1629713,378,Justin James,SAC,36,310,52,111,0.468,14,38,0.368,21,36,0.583,9,21,30,22,8,3,15,23,139,113,1.47,0.53
1629744,378,Matt Thomas,UTA,45,327,50,127,0.394,27,80,0.338,12,14,0.857,7,37,44,19,4,0,14,18,139,113,1.36,0.29
1627853,380,Ryan Arcidiacono,CHI,44,450,49,117,0.419,25,67,0.373,13,20,0.65,5,62,67,56,9,0,10,47,136,183,5.6,0.9
1630192,380,Zeke Nnaji,DEN,42,397,50,104,0.481,24,59,0.407,12,15,0.8,14,51,65,10,8,4,7,29,136,159,1.43,1.14
203960,382,JaKarr Sampson,IND,29,316,56,113,0.496,3,15,0.2,19,29,0.655,27,50,77,4,2,14,15,52,134,149,0.27,0.13
1629740,382,Nicolo Melli,DAL,45,566,46,141,0.326,23,85,0.271,19,25,0.76,29,93,122,44,14,3,12,58,134,204,3.67,1.17
1630237,384,Anthony Lamb,HOU,24,415,46,118,0.39,23,71,0.324,18,21,0.857,27,43,70,23,6,5,19,34,133,143,1.21,0.32
202734,384,E'Twaun Moore,PHX,27,389,55,121,0.455,11,35,0.314,12,14,0.857,14,31,45,40,15,5,23,32,133,147,1.74,0.65
1629610,386,DaQuan Jeffries,SAS,31,493,50,120,0.417,20,67,0.299,7,8,0.875,19,52,71,22,15,10,14,48,127,160,1.57,1.07
1630271,387,Brodric Thomas,CLE,32,399,39,108,0.361,16,59,0.271,31,46,0.674,8,45,53,30,15,10,22,40,125,127,1.36,0.68
1630233,388,Nathan Knight,ATL,33,279,37,100,0.37,6,33,0.182,44,55,0.8,27,45,72,8,9,10,15,22,124,134,0.53,0.6
1630219,388,Skylar Mays,ATL,33,269,44,98,0.449,14,40,0.35,22,25,0.88,10,25,35,30,14,2,9,15,124,139,3.33,1.56
1629035,390,Carsen Edwards,BOS,31,276,47,111,0.423,18,63,0.286,11,13,0.846,3,23,26,14,7,1,7,25,123,98,2.0,1.0
1630185,390,Nico Mannion,GSW,30,364,39,114,0.342,22,60,0.367,23,28,0.821,6,40,46,70,16,1,31,29,123,145,2.26,0.52
1628035,392,Alfonzo McKinnie,LAL,39,258,48,93,0.516,16,39,0.41,10,18,0.556,22,32,54,6,7,0,5,26,122,131,1.2,1.4
1629677,392,Luka Samanic,SAS,33,308,47,105,0.448,12,43,0.279,16,29,0.552,16,52,68,15,8,8,20,43,122,130,0.75,0.4
203922,394,Glenn Robinson III,SAC,23,369,42,99,0.424,16,44,0.364,21,23,0.913,11,34,45,20,4,3,11,23,121,123,1.82,0.36
1629109,395,Gary Clark,PHI,39,654,40,132,0.303,31,108,0.287,8,10,0.8,33,82,115,31,13,7,17,35,119,174,1.82,0.77
1629658,396,Jaylen Hoard,OKC,19,320,44,88,0.5,0,11,0.0,28,41,0.683,21,44,65,24,13,5,17,19,116,149,1.41,0.77
1626168,397,Trey Lyles,SAS,23,358,43,90,0.478,14,40,0.35,15,23,0.652,9,77,86,14,6,1,6,13,115,161,2.33,1.0
203473,398,Dewayne Dedmon,MIA,16,210,46,65,0.708,1,5,0.2,20,27,0.741,28,58,86,12,9,6,13,36,113,187,0.92,0.69
1630273,399,Freddie Gillespie,TOR,20,392,44,84,0.524,0,0,0.0,23,33,0.697,42,55,97,9,13,20,12,43,111,188,0.75,1.08
1628778,399,Paul Watson,TOR,27,297,38,82,0.463,30,64,0.469,5,8,0.625,4,41,45,17,6,3,9,36,111,126,1.89,0.67
1628385,401,Harry Giles III,POR,38,348,42,97,0.433,8,23,0.348,16,27,0.593,31,102,133,29,8,13,20,54,108,205,1.45,0.4
1628990,402,Chandler Hutchison,WAS,25,346,39,103,0.379,8,22,0.364,21,25,0.84,6,72,78,17,12,5,20,33,107,131,0.85,0.6
1628436,403,Luke Kornet,BOS,31,347,44,101,0.436,15,59,0.254,3,6,0.5,14,53,67,24,4,32,7,20,106,166,3.43,0.57
1630210,404,Markus Howard,DEN,37,205,40,106,0.377,18,65,0.277,7,9,0.778,1,20,21,18,4,1,18,23,105,63,1.0,0.22
1629671,404,Miye Oni,UTA,54,519,35,99,0.354,30,88,0.341,5,6,0.833,23,61,84,28,11,8,16,61,105,155,1.75,0.69
1628365,406,Markelle Fultz,ORL,8,215,41,104,0.394,4,16,0.25,17,19,0.895,5,20,25,43,8,2,18,18,103,98,2.39,0.44
202329,407,Al-Farouq Aminu,CHI,23,434,38,99,0.384,8,37,0.216,18,22,0.818,22,88,110,31,19,9,28,29,102,178,1.11,0.68
1630182,408,Josh Green,DAL,39,445,42,93,0.452,4,25,0.16,13,23,0.565,28,50,78,28,16,3,17,35,101,148,1.65,0.94
1628455,409,Mike James,BKN,13,236,34,92,0.37,11,31,0.355,21,27,0.778,3,29,32,54,6,1,20,10,100,109,2.7,0.3
1629682,410,Tremont Waters,BOS,26,238,34,84,0.405,15,38,0.395,16,17,0.941,5,16,21,62,15,1,27,17,99,120,2.3,0.56
1628411,410,Wes Iwundu,NOP,41,539,34,102,0.333,5,41,0.122,26,31,0.839,15,75,90,18,15,4,19,49,99,134,0.95,0.79
1630223,412,Jalen Harris,TOR,13,172,36,72,0.5,17,36,0.472,7,9,0.778,3,15,18,17,8,0,14,15,96,87,1.21,0.57
1629662,413,Mfiondu Kabengele,CLE,39,280,33,89,0.371,13,50,0.26,16,20,0.8,12,48,60,17,8,13,15,36,95,118,1.13,0.53
1628993,414,Alize Johnson,BKN,18,189,40,68,0.588,1,6,0.167,13,13,1.0,27,63,90,14,5,5,9,16,94,171,1.56,0.56
1630200,414,Tre Jones,SAS,37,269,37,78,0.474,3,5,0.6,17,19,0.895,8,13,21,39,8,0,13,13,94,106,3.0,0.62
1629644,416,KZ Okpala,MIA,37,447,36,96,0.375,12,50,0.24,8,15,0.533,21,47,68,19,10,11,15,59,92,118,1.27,0.67
1629649,417,Ignas Brazdeikis,ORL,13,249,35,83,0.422,11,28,0.393,10,14,0.714,11,34,45,17,4,3,12,22,91,96,1.42,0.33
203585,417,Rodney McGruder,DET,16,194,37,70,0.529,11,24,0.458,6,8,0.75,8,14,22,16,8,1,7,12,91,96,2.29,1.14
1628373,419,Frank Ntilikina,NYK,33,322,29,79,0.367,23,48,0.479,8,18,0.444,6,25,31,19,18,4,11,45,89,90,1.73,1.64
1630241,419,Sam Merrill,MIL,30,233,32,72,0.444,21,47,0.447,4,4,1.0,6,24,30,21,8,1,10,17,89,99,2.1,0.8
1629185,421,Chris Chiozza,BKN,22,232,31,88,0.352,13,42,0.31,13,17,0.765,3,21,24,65,7,6,16,19,88,113,4.06,0.44
1630194,421,Paul Reed,PHI,26,177,42,78,0.538,0,6,0.0,4,8,0.5,30,31,61,12,10,13,12,29,88,132,1.0,0.83
1630235,421,Trent Forrest,UTA,30,302,32,71,0.451,5,26,0.192,19,19,1.0,11,33,44,45,9,4,21,22,88,130,2.14,0.43
1629657,424,Kyle Guy,SAC,31,235,29,88,0.33,13,46,0.283,16,20,0.8,5,30,35,32,6,0,11,20,87,86,2.91,0.55
1630221,425,Josh Hall,OKC,21,336,30,99,0.303,4,37,0.108,22,44,0.5,6,53,59,28,4,1,25,37,86,62,1.12,0.16
1628427,426,Vlatko Cancar,DEN,41,281,33,72,0.458,9,33,0.273,10,13,0.769,11,39,50,14,11,2,14,18,85,106,1.0,0.79
1630466,427,Gabriel Deck,OKC,10,212,32,67,0.478,2,15,0.133,18,22,0.818,16,24,40,24,8,0,6,9,84,111,4.0,1.33
1629010,428,Jerome Robinson,WAS,17,305,28,95,0.295,11,42,0.262,16,20,0.8,4,34,38,25,12,6,19,31,83,74,1.32,0.63
1629017,429,Khyri Thomas,HOU,5,153,32,66,0.485,9,27,0.333,9,9,1.0,7,11,18,25,9,6,6,8,82,100,4.17,1.5
1630264,430,Anthony Gill,WAS,26,218,30,60,0.5,7,24,0.292,13,16,0.813,16,35,51,11,10,4,8,27,80,115,1.38,1.25
1628966,431,Keita Bates-Diop,SAS,30,245,30,67,0.448,5,17,0.294,14,21,0.667,9,40,49,12,11,5,7,11,79,105,1.71,1.57
1629067,432,Isaac Bonga,WAS,40,432,30,81,0.37,13,47,0.277,5,8,0.625,18,48,66,23,11,9,22,63,78,111,1.05,0.5
1629617,432,Reggie Perry,BKN,26,211,32,78,0.41,4,21,0.19,10,13,0.769,27,46,73,14,6,6,15,40,78,113,0.93,0.4
1626188,434,Quinn Cook,CLE,23,157,29,68,0.426,11,26,0.423,7,8,0.875,2,15,17,18,4,1,7,10,76,69,2.57,0.57
203121,435,Darius Miller,OKC,18,197,22,48,0.458,17,42,0.405,12,12,1.0,2,22,24,21,13,5,8,13,73,102,2.63,1.63
1629743,435,Donta Hall,ORL,13,179,25,35,0.714,0,0,0.0,23,34,0.676,24,38,62,11,5,10,8,18,73,132,1.38,0.63
1627885,435,Shaquille Harrison,DEN,34,332,26,78,0.333,3,16,0.188,18,22,0.818,7,41,48,25,17,5,11,33,73,101,2.27,1.55
203953,438,Jabari Parker,BOS,13,165,30,55,0.545,2,11,0.182,10,13,0.769,10,32,42,11,1,5,10,13,72,93,1.1,0.1
1629117,438,Wenyen Gabriel,NOP,21,241,24,60,0.4,13,32,0.406,11,17,0.647,20,34,54,11,9,8,15,32,72,97,0.73,0.6
1628383,440,Justin Patton,HOU,13,247,29,70,0.414,9,34,0.265,3,4,0.75,14,35,49,14,12,14,4,34,70,113,3.5,3.0
1629626,441,Bol Bol,DEN,32,160,25,58,0.431,9,24,0.375,10,15,0.667,0,24,24,7,3,10,13,14,69,62,0.54,0.23
1629604,442,CJ Elleby,POR,30,192,25,66,0.379,7,34,0.206,11,15,0.733,11,21,32,10,6,3,5,27,68,69,2.0,1.2
101141,443,Ersan Ilyasova,UTA,17,148,21,54,0.389,18,41,0.439,5,5,1.0,7,22,29,4,10,3,8,29,65,70,0.5,1.25
1629714,444,Jarrell Brantley,UTA,28,138,25,52,0.481,12,28,0.429,2,2,1.0,9,18,27,15,7,2,8,17,64,80,1.88,0.88
203933,445,T.J. Warren,IND,4,117,27,51,0.529,0,7,0.0,8,10,0.8,2,12,14,5,2,0,4,16,62,53,1.25,0.5
1629681,446,Killian Tillie,MEM,18,182,19,57,0.333,10,33,0.303,9,11,0.818,6,18,24,8,5,8,2,20,57,60,4.0,2.5
1629648,447,Jordan Bone,ORL,14,196,23,54,0.426,10,32,0.313,0,0,0.0,4,20,24,18,2,0,3,11,56,66,6.0,0.67
1629641,447,Romeo Langford,BOS,18,283,21,59,0.356,5,18,0.278,9,12,0.75,12,23,35,13,6,5,10,24,56,64,1.3,0.6
1627812,447,Yogi Ferrell,LAC,10,137,20,57,0.351,9,28,0.321,7,9,0.778,5,14,19,22,7,3,3,11,56,65,7.33,2.33
1630187,450,Daniel Oturu,LAC,30,161,22,52,0.423,1,5,0.2,9,12,0.75,21,27,48,10,4,7,9,24,54,81,1.11,0.44
1630188,451,Jalen Smith,PHX,27,156,22,50,0.44,4,17,0.235,5,7,0.714,7,30,37,4,1,4,7,16,53,62,0.57,0.14
1628981,452,Bruno Fernando,ATL,33,226,18,44,0.409,0,2,0.0,15,22,0.682,16,62,78,10,4,3,21,23,51,92,0.48,0.19
1629751,453,Dakota Mathias,PHI,8,123,19,48,0.396,8,26,0.308,2,6,0.333,1,6,7,13,1,3,1,7,48,38,13.0,1.0
202334,453,Ed Davis,MIN,23,299,19,44,0.432,0,0,0.0,10,12,0.833,46,69,115,21,13,13,7,56,48,176,3.0,1.86
1629605,455,Tacko Fall,BOS,19,136,21,29,0.724,0,0,0.0,5,15,0.333,16,36,52,3,1,20,6,22,47,99,0.5,0.17
1629683,456,Quinndary Weatherspoon,SAS,20,121,16,35,0.457,1,6,0.167,13,16,0.813,3,8,11,8,8,2,10,18,46,43,0.8,0.8
1630176,456,Vernon Carey Jr.,CHA,19,115,18,36,0.5,1,7,0.143,9,11,0.818,6,21,27,2,1,5,5,13,46,56,0.4,0.2
1629663,458,Louis King,SAC,6,85,17,34,0.5,4,11,0.364,6,6,1.0,5,13,18,9,7,3,4,9,44,60,2.25,1.75
1629603,458,Mamadi Diakite,MIL,14,141,16,40,0.4,1,8,0.125,11,14,0.786,8,26,34,8,6,5,3,16,44,67,2.67,2.0
1628419,460,Cameron Oliver,HOU,4,87,19,33,0.576,4,13,0.308,1,4,0.25,5,16,21,5,2,4,3,11,43,55,1.67,0.67
1629606,460,Robert Franks,ORL,7,101,13,28,0.464,5,15,0.333,12,13,0.923,6,8,14,5,3,3,2,8,43,50,2.5,1.5
1630216,462,Cassius Winston,WAS,22,98,14,33,0.424,8,17,0.471,5,6,0.833,0,9,9,12,2,1,5,8,41,40,2.4,0.4
1629686,462,Deividas Sirvydis,DET,20,133,14,40,0.35,10,28,0.357,3,6,0.5,0,29,29,5,2,0,5,9,41,43,1.0,0.4
1630207,462,Nate Hinton,DAL,21,93,15,42,0.357,4,19,0.211,7,10,0.7,1,8,9,8,7,2,5,8,41,32,1.6,1.4
1628414,462,Sindarius Thornwell,ORL,21,217,15,46,0.326,7,23,0.304,4,8,0.5,3,15,18,21,13,2,7,15,41,53,3.0,1.86
1629718,466,Charlie Brown Jr.,OKC,9,152,13,43,0.302,5,21,0.238,9,10,0.9,3,14,17,9,4,2,6,19,40,35,1.5,0.67
1630186,466,Jahmi'us Ramsey,SAC,13,94,15,38,0.395,5,19,0.263,5,5,1.0,2,8,10,6,4,1,3,8,40,35,2.0,1.33
1629719,468,Devontae Cacok,LAL,20,98,17,29,0.586,0,0,0.0,5,11,0.455,12,20,32,1,5,4,5,8,39,58,0.2,1.0
1630253,468,Sean McDermott,MEM,18,158,13,33,0.394,5,22,0.227,8,8,1.0,6,13,19,4,2,3,4,8,39,43,1.0,0.5
1630199,470,Cassius Stanley,IND,24,93,13,43,0.302,3,13,0.231,7,9,0.778,8,12,20,1,1,2,1,14,36,27,1.0,1.0
203521,470,Matthew Dellavedova,CLE,13,224,14,56,0.25,4,25,0.16,4,4,1.0,6,18,24,58,4,1,6,21,36,75,9.67,0.67
1630206,472,Jay Scrubb,LAC,4,84,14,36,0.389,2,9,0.222,5,5,1.0,2,12,14,1,4,0,7,5,35,25,0.14,0.57
1629752,472,Juwan Morgan,UTA,29,147,14,30,0.467,4,13,0.308,3,7,0.429,9,19,28,9,4,1,4,21,35,53,2.25,1.0
1629962,474,Devin Cannady,ORL,8,74,11,28,0.393,6,16,0.375,6,7,0.857,0,5,5,1,5,1,2,9,34,26,0.5,2.5
1629730,474,Rayjon Tucker,PHI,14,68,9,18,0.5,2,7,0.286,14,19,0.737,1,10,11,6,2,0,4,8,34,35,1.5,0.5
1629735,476,Chris Silva,SAC,15,92,10,16,0.625,1,1,1.0,11,15,0.733,7,20,27,6,1,6,10,24,32,52,0.6,0.1
1630190,477,Elijah Hughes,UTA,18,64,10,30,0.333,8,23,0.348,3,4,0.75,1,8,9,6,1,1,6,1,31,21,1.0,0.17
1629066,477,Rodions Kurucs,MIL,21,125,11,32,0.344,6,21,0.286,3,4,0.75,5,18,23,10,9,4,13,16,31,42,0.77,0.69
1627748,479,Thon Maker,CLE,8,76,10,18,0.556,0,2,0.0,10,11,0.909,8,10,18,4,2,4,3,7,30,46,1.33,0.67
1629346,480,Alen Smailagic,GSW,15,84,11,27,0.407,4,10,0.4,2,6,0.333,6,10,16,4,3,5,5,11,28,31,0.8,0.6
1626178,481,Rondae Hollis-Jefferson,POR,11,107,9,18,0.5,0,1,0.0,9,16,0.563,11,15,26,13,2,4,2,15,27,54,6.5,1.0
1628412,482,Frank Mason,ORL,4,79,9,24,0.375,2,5,0.4,5,7,0.714,3,9,12,12,0,0,5,7,25,27,2.4,0.0
1627780,482,Gary Payton II,GSW,10,40,10,13,0.769,2,4,0.5,3,4,0.75,2,9,11,1,6,1,1,8,25,39,1.0,6.0
1626245,484,Cristiano Felicio,CHI,18,84,7,13,0.538,0,2,0.0,9,16,0.563,10,16,26,9,4,0,4,10,23,45,2.25,1.0
203957,484,Dante Exum,HOU,6,116,10,26,0.385,2,11,0.182,1,2,0.5,2,15,17,13,4,2,7,9,23,35,1.86,0.57
1629653,484,Devon Dotson,CHI,11,50,11,21,0.524,1,7,0.143,0,0,0.0,2,3,5,7,4,0,0,3,23,29,0.0,0.0
202738,484,Isaiah Thomas,NOP,3,48,9,27,0.333,3,12,0.25,2,2,1.0,1,3,4,5,1,0,6,3,23,9,0.83,0.17
1629725,488,Jeremiah Martin,CLE,9,75,9,33,0.273,3,12,0.25,1,5,0.2,2,5,7,4,5,2,6,1,22,6,0.67,0.83
1629007,488,Jontay Porter,MEM,11,54,8,15,0.533,3,8,0.375,3,5,0.6,4,10,14,1,3,1,7,12,22,25,0.14,0.43
1629620,490,Justin Robinson,OKC,9,88,7,21,0.333,4,14,0.286,3,5,0.6,1,6,7,9,3,0,2,10,21,22,4.5,1.5
203658,491,Norvel Pelle,NYK,13,83,8,15,0.533,0,0,0.0,4,6,0.667,6,13,19,2,1,9,3,14,20,39,0.67,0.33
1630218,491,Robert Woodard II,SAC,13,45,8,20,0.4,1,6,0.167,3,8,0.375,4,12,16,2,0,3,1,4,20,23,2.0,0.0
203915,491,Spencer Dinwiddie,BKN,3,64,6,16,0.375,2,7,0.286,6,6,1.0,0,13,13,9,2,1,5,4,20,30,1.8,0.4
1630203,494,Grant Riller,CHA,7,27,8,12,0.667,2,4,0.5,0,0,0.0,0,1,1,3,1,0,1,0,18,18,3.0,1.0
1630189,494,Tyler Bey,DAL,18,71,7,22,0.318,1,4,0.25,3,5,0.6,8,11,19,3,0,1,3,6,18,21,1.0,0.0
201229,496,Anthony Tolliver,PHI,11,99,4,17,0.235,4,14,0.286,5,6,0.833,3,7,10,2,3,2,3,7,17,17,0.67,1.0
203998,496,Bruno Caboclo,HOU,6,36,8,17,0.471,0,5,0.0,1,2,0.5,3,11,14,1,0,2,4,6,17,20,0.25,0.0
1629091,498,Elijah Bryant,MIL,1,32,6,13,0.462,1,5,0.2,3,3,1.0,2,4,6,3,0,1,4,4,16,15,0.75,0.0
1628962,498,Udoka Azubuike,UTA,15,57,4,9,0.444,0,0,0.0,8,10,0.8,4,9,13,0,1,4,3,9,16,24,0.0,0.33
1629690,500,Adam Mokoka,CHI,14,56,7,19,0.368,1,10,0.1,0,1,0.0,1,4,5,5,2,1,5,5,15,10,1.0,0.4
1629244,500,Cameron Reynolds,HOU,5,40,6,18,0.333,3,12,0.25,0,0,0.0,2,3,5,2,0,0,0,2,15,10,0.0,0.0
1627740,500,Henry Ellenson,TOR,2,38,5,14,0.357,2,9,0.222,3,4,0.75,3,9,12,5,0,0,0,7,15,22,0.0,0.0
203263,500,James Nunnally,NOP,9,48,5,13,0.385,4,12,0.333,1,2,0.5,2,7,9,3,0,0,2,1,15,16,1.5,0.0
1628395,500,Jordan Bell,GSW,6,82,7,22,0.318,0,2,0.0,1,2,0.5,7,17,24,7,3,5,4,7,15,34,1.75,0.75
1630208,500,Nick Richards,CHA,18,63,4,9,0.444,0,1,0.0,7,11,0.636,4,7,11,2,0,0,3,7,15,16,0.67,0.0
1626253,506,Axel Toupane,MIL,8,61,4,11,0.364,1,2,0.5,5,7,0.714,0,6,6,4,2,3,0,6,14,20,0.0,0.0
1628578,507,Amida Brimah,IND,5,29,5,8,0.625,0,0,0.0,3,3,1.0,2,6,8,1,0,5,4,4,13,20,0.25,0.0
2760,507,Anderson Varejao,CLE,5,36,4,16,0.25,0,1,0.0,5,9,0.556,7,13,20,3,0,2,1,3,13,21,3.0,0.0
1627737,507,Marquese Chriss,GSW,2,27,5,14,0.357,1,5,0.2,2,4,0.5,3,10,13,2,0,2,2,3,13,17,1.0,0.0
1629833,510,Keljin Blevins,POR,17,75,5,20,0.25,2,8,0.25,0,0,0.0,3,7,10,4,2,0,5,8,12,8,0.8,0.4
1628961,510,Kostas Antetokounmpo,LAL,15,56,3,10,0.3,0,0,0.0,6,13,0.462,4,15,19,1,2,4,11,8,12,13,0.09,0.18
1628388,510,T.J. Leaf,POR,7,35,5,10,0.5,0,0,0.0,2,2,1.0,0,5,5,1,2,1,2,1,12,14,0.5,1.0
1630211,513,Karim Mane,ORL,10,88,3,13,0.231,1,2,0.5,4,5,0.8,1,13,14,4,0,2,3,10,11,17,1.33,0.0
1630179,513,Tyrell Terry,DAL,11,56,5,16,0.313,0,7,0.0,1,3,0.333,0,6,6,6,5,0,2,2,11,13,3.0,2.5
203086,515,Meyers Leonard,MIA,3,29,3,7,0.429,3,7,0.429,1,2,0.5,0,7,7,2,0,0,2,5,10,12,1.0,0.0
1630268,516,Nate Darling,CHA,7,26,2,7,0.286,2,7,0.286,3,3,1.0,1,0,1,1,0,1,1,1,9,6,1.0,0.0
1630234,516,Ty-Shon Alexander,PHX,15,47,3,12,0.25,2,9,0.222,1,2,0.5,2,8,10,6,0,1,3,2,9,13,2.0,0.0
1629712,518,Didi Louzada,NOP,3,56,3,13,0.231,2,8,0.25,0,0,0.0,1,2,3,3,2,0,3,5,8,3,1.0,0.67
204025,518,Tim Frazier,MEM,5,62,3,20,0.15,0,8,0.0,2,6,0.333,0,8,8,16,2,1,4,7,8,10,4.0,0.5
1629738,518,Vincent Poirier,PHI,10,39,3,12,0.25,0,1,0.0,2,6,0.333,6,8,14,2,0,3,4,8,8,10,0.5,0.0
1629716,521,Marques Bolden,CLE,6,29,1,3,0.333,0,0,0.0,5,8,0.625,3,3,6,0,2,2,2,0,7,10,0.0,1.0
203460,522,Andre Roberson,BKN,5,63,2,14,0.143,1,8,0.125,1,2,0.5,7,8,15,4,3,1,2,4,6,14,2.0,1.5
201162,522,Jared Dudley,LAL,12,81,2,9,0.222,2,6,0.333,0,0,0.0,4,17,21,5,1,1,2,7,6,25,2.5,0.5
1629665,524,Jalen Lecque,IND,4,12,1,9,0.111,0,1,0.0,3,3,1.0,2,3,5,2,0,0,0,0,5,4,0.0,0.0
1627739,524,Kris Dunn,ATL,4,45,1,12,0.083,0,2,0.0,3,4,0.75,0,6,6,2,2,2,3,10,5,2,0.67,0.67
1627775,524,Patrick McCaw,TOR,5,33,1,1,1.0,0,0,0.0,3,3,1.0,1,2,3,4,2,0,0,6,5,14,0.0,0.0
1629034,527,Ray Spalding,HOU,2,19,2,4,0.5,0,1,0.0,0,2,0.0,2,2,4,0,0,2,3,3,4,3,0.0,0.0
2617,527,Udonis Haslem,MIA,1,3,2,2,1.0,0,0,0.0,0,0,0.0,0,1,1,0,0,0,0,0,4,5,0.0,0.0
1628968,529,Brian Bowen II,IND,6,15,1,4,0.25,0,1,0.0,1,1,1.0,0,3,3,0,0,0,0,1,3,3,0.0,0.0
1629607,529,Jared Harper,NYK,8,16,0,4,0.0,0,1,0.0,3,4,0.75,0,2,2,1,0,0,3,1,3,-2,0.33,0.0
1630238,529,Malik Fitts,LAC,3,11,1,3,0.333,1,2,0.5,0,0,0.0,0,3,3,0,0,0,0,3,3,4,0.0,0.0
202697,532,Iman Shumpert,BKN,2,11,1,4,0.25,0,3,0.0,0,0,0.0,1,0,1,0,1,0,1,0,2,0,0.0,1.0
1629121,532,Jaylen Adams,MIL,7,18,1,8,0.125,0,2,0.0,0,0,0.0,0,3,3,2,0,0,0,1,2,0,0.0,0.0
1628390,532,Terrance Ferguson,PHI,13,49,1,7,0.143,0,5,0.0,0,0,0.0,0,1,1,2,1,0,4,7,2,-4,0.5,0.25
1629033,532,Theo Pinson,NYK,17,34,1,9,0.111,0,8,0.0,0,0,0.0,0,5,5,1,0,0,1,4,2,-1,1.0,0.0
1628394,536,Anzejs Pasecniks,WAS,1,6,0,1,0.0,0,1,0.0,0,0,0.0,1,0,1,1,0,0,5,2,0,-4,0.2,0.0
1630204,536,Ashton Hagans,MIN,2,4,0,0,0.0,0,0,0.0,0,0,0.0,0,0,0,0,0,0,1,0,0,-1,0.0,0.0
204222,536,Greg Whittington,DEN,4,12,0,3,0.0,0,2,0.0,0,0,0.0,0,0,0,0,0,0,0,0,0,-3,0.0,0.0
203943,536,Noah Vonleh,BKN,4,11,0,3,0.0,0,2,0.0,0,0,0.0,0,1,1,1,0,0,2,2,0,-3,0.5,0.0
1630266,536,Will Magnay,NOP,1,3,0,1,0.0,0,1,0.0,0,0,0.0,0,0,0,0,0,0,1,1,0,-2,0.0,0.0
